{
    "config": {
        "task": "img-classification",
        "dataset": "cifar-10",
        "metric": "acc",
        "model": "FractalNet-a85044d7a8d3c65136f714ef6d54655f"
    },
    "hyperparameters": {
        "lr": 0.005,
        "momentum": 0.95,
        "batch": 64,
        "epoch": 1,
        "transform": "norm_32_flip",
        "max_batches": null,
        "uid": "c3bab3e9931db53638d2791332ae0024",
        "duration": 33307420119,
        "accuracy": 0.5724,
        "train_loss": 1.1709448949760184,
        "test_loss": 1.1882898864472748,
        "train_accuracy": 0.58186,
        "gradient_norm": 2.9999993390566098,
        "samples_per_second": 1501.1762399325412,
        "best_accuracy": 0.5724,
        "best_epoch": 1,
        "cpu_type": "x86_64",
        "cpu_count": 32,
        "total_ram_kb": 131727204.0,
        "gpu_type": "NVIDIA GeForce RTX 4090",
        "gpu_total_memory_kb": 24658816.0,
        "occupied_ram_kb": 18840540.0,
        "ram_usage_percent": 16.1,
        "cpu_usage_percent": 9.5,
        "occupied_gpu_memory_kb": 23836.0,
        "gpu_memory_usage_percent": 0.1,
        "gpu_memory_kb": 823897.5
    },
    "training_summary": {
        "total_epochs": 1,
        "best_accuracy": 0.5724,
        "final_accuracy": 0.5724
    },
    "uid": "a85044d7a8d3c65136f714ef6d54655f"
}