{
    "config": {
        "task": "img-classification",
        "dataset": "cifar-10",
        "metric": "acc",
        "model": "FractalNet-2a6808818da133a5231bbc92681fab84"
    },
    "hyperparameters": {
        "lr": 0.01,
        "momentum": 0.8,
        "batch": 64,
        "epoch": 1,
        "transform": "norm_32_flip",
        "max_batches": null,
        "uid": "cac9e1582511f93cefcb9518dad95595",
        "duration": 36107128264,
        "accuracy": 0.6475,
        "train_loss": 0.9445651233043817,
        "test_loss": 0.9830170144700701,
        "train_accuracy": 0.6639,
        "gradient_norm": 2.9999996035554113,
        "samples_per_second": 1384.784604731647,
        "best_accuracy": 0.6475,
        "best_epoch": 1,
        "cpu_type": "x86_64",
        "cpu_count": 32,
        "total_ram_kb": 131724388.0,
        "gpu_type": "NVIDIA GeForce RTX 4090",
        "gpu_total_memory_kb": 24658816.0,
        "occupied_ram_kb": 16784580.0,
        "ram_usage_percent": 14.7,
        "cpu_usage_percent": 0.0,
        "occupied_gpu_memory_kb": 111135.5,
        "gpu_memory_usage_percent": 0.45,
        "gpu_memory_kb": 4229002.0
    },
    "training_summary": {
        "total_epochs": 1,
        "best_accuracy": 0.6475,
        "final_accuracy": 0.6475
    },
    "uid": "2a6808818da133a5231bbc92681fab84"
}